epoch,train_loss,MA,HE,EX,SE,mean_auc,loss
1,0.7756951959044845,"{'f1': 0.0, 'auc': 0.3685}","{'f1': 0.0071, 'auc': 0.6073}","{'f1': 0.018, 'auc': 0.5642}","{'f1': 0.0, 'auc': 0.3081}",0.462,0.6996
2,0.7105829141758107,"{'f1': 0.0002, 'auc': 0.4058}","{'f1': 0.0018, 'auc': 0.6247}","{'f1': 0.0615, 'auc': 0.6487}","{'f1': 0.0009, 'auc': 0.4859}",0.5413,0.6636
3,0.66418531426677,"{'f1': 0.0003, 'auc': 0.3795}","{'f1': 0.0003, 'auc': 0.6502}","{'f1': 0.1069, 'auc': 0.6906}","{'f1': 0.0, 'auc': 0.4704}",0.5477,0.6262
4,0.6309618839511165,"{'f1': 0.0, 'auc': 0.3747}","{'f1': 0.0, 'auc': 0.6854}","{'f1': 0.2542, 'auc': 0.8551}","{'f1': 0.0, 'auc': 0.3062}",0.5554,0.6017
5,0.6042275230089823,"{'f1': 0.0, 'auc': 0.3495}","{'f1': 0.0, 'auc': 0.6638}","{'f1': 0.304, 'auc': 0.8663}","{'f1': 0.0, 'auc': 0.391}",0.5676,0.5879
6,0.583628914974354,"{'f1': 0.0, 'auc': 0.3554}","{'f1': 0.0, 'auc': 0.622}","{'f1': 0.4139, 'auc': 0.8571}","{'f1': 0.0, 'auc': 0.5223}",0.5892,0.5705
7,0.5683275792333815,"{'f1': 0.0, 'auc': 0.3832}","{'f1': 0.0, 'auc': 0.6015}","{'f1': 0.4386, 'auc': 0.9172}","{'f1': 0.0, 'auc': 0.6502}",0.638,0.5569
8,0.5539852491131535,"{'f1': 0.0, 'auc': 0.343}","{'f1': 0.0, 'auc': 0.6188}","{'f1': 0.5222, 'auc': 0.9107}","{'f1': 0.0, 'auc': 0.6218}",0.6236,0.5431
9,0.5431513101966293,"{'f1': 0.0, 'auc': 0.482}","{'f1': 0.0, 'auc': 0.7131}","{'f1': 0.4926, 'auc': 0.9424}","{'f1': 0.0, 'auc': 0.7797}",0.7293,0.5322
10,0.5328764496026216,"{'f1': 0.0, 'auc': 0.3993}","{'f1': 0.0, 'auc': 0.7}","{'f1': 0.5683, 'auc': 0.9343}","{'f1': 0.0, 'auc': 0.8236}",0.7143,0.5224
11,0.5254843477849607,"{'f1': 0.0, 'auc': 0.3791}","{'f1': 0.0, 'auc': 0.671}","{'f1': 0.5891, 'auc': 0.9442}","{'f1': 0.0, 'auc': 0.8767}",0.7177,0.5117
12,0.5201117771643179,"{'f1': 0.0, 'auc': 0.481}","{'f1': 0.0, 'auc': 0.7025}","{'f1': 0.4904, 'auc': 0.9665}","{'f1': 0.0, 'auc': 0.9299}",0.77,0.5034
13,0.5135054235105161,"{'f1': 0.0, 'auc': 0.51}","{'f1': 0.0, 'auc': 0.7525}","{'f1': 0.5206, 'auc': 0.9677}","{'f1': 0.0, 'auc': 0.9173}",0.7869,0.4964
14,0.5086413710205643,"{'f1': 0.0, 'auc': 0.4587}","{'f1': 0.0, 'auc': 0.7939}","{'f1': 0.5201, 'auc': 0.966}","{'f1': 0.0, 'auc': 0.9213}",0.785,0.4891
15,0.502827869521247,"{'f1': 0.0, 'auc': 0.4832}","{'f1': 0.0, 'auc': 0.7988}","{'f1': 0.5085, 'auc': 0.9668}","{'f1': 0.0002, 'auc': 0.9506}",0.7999,0.4819
16,0.49829305542839897,"{'f1': 0.0, 'auc': 0.4606}","{'f1': 0.0, 'auc': 0.8142}","{'f1': 0.5892, 'auc': 0.9587}","{'f1': 0.003, 'auc': 0.9416}",0.7938,0.4733
17,0.4908197555277083,"{'f1': 0.0, 'auc': 0.527}","{'f1': 0.0, 'auc': 0.8524}","{'f1': 0.6019, 'auc': 0.9604}","{'f1': 0.0044, 'auc': 0.9386}",0.8196,0.4702
18,0.4869442074387162,"{'f1': 0.0, 'auc': 0.6855}","{'f1': 0.0, 'auc': 0.8754}","{'f1': 0.4245, 'auc': 0.975}","{'f1': 0.0285, 'auc': 0.9793}",0.8788,0.4703
19,0.47865096728007,"{'f1': 0.0, 'auc': 0.5694}","{'f1': 0.0, 'auc': 0.8479}","{'f1': 0.4464, 'auc': 0.9798}","{'f1': 0.0016, 'auc': 0.9645}",0.8404,0.4613
20,0.4743366848539423,"{'f1': 0.0, 'auc': 0.6398}","{'f1': 0.0, 'auc': 0.8926}","{'f1': 0.5476, 'auc': 0.9697}","{'f1': 0.0025, 'auc': 0.9622}",0.8661,0.4528
21,0.46852382576024093,"{'f1': 0.0, 'auc': 0.5821}","{'f1': 0.0, 'auc': 0.8992}","{'f1': 0.4644, 'auc': 0.9817}","{'f1': 0.0251, 'auc': 0.9823}",0.8613,0.4479
22,0.46474811986640646,"{'f1': 0.0, 'auc': 0.6015}","{'f1': 0.0, 'auc': 0.9077}","{'f1': 0.5502, 'auc': 0.9753}","{'f1': 0.0355, 'auc': 0.9603}",0.8612,0.4344
23,0.45438828843611256,"{'f1': 0.0, 'auc': 0.6073}","{'f1': 0.0, 'auc': 0.9305}","{'f1': 0.5887, 'auc': 0.9689}","{'f1': 0.0868, 'auc': 0.9705}",0.8693,0.4209
24,0.4483125055277789,"{'f1': 0.0, 'auc': 0.6204}","{'f1': 0.0, 'auc': 0.9324}","{'f1': 0.5681, 'auc': 0.9795}","{'f1': 0.1821, 'auc': 0.9744}",0.8767,0.4121
25,0.44644005762206185,"{'f1': 0.0, 'auc': 0.6093}","{'f1': 0.0, 'auc': 0.9296}","{'f1': 0.5512, 'auc': 0.9724}","{'f1': 0.2914, 'auc': 0.9786}",0.8725,0.4062
26,0.4360373549991184,"{'f1': 0.0, 'auc': 0.5697}","{'f1': 0.0, 'auc': 0.9382}","{'f1': 0.6221, 'auc': 0.9666}","{'f1': 0.3621, 'auc': 0.9794}",0.8635,0.3983
27,0.42416700279271163,"{'f1': 0.0, 'auc': 0.6422}","{'f1': 0.0, 'auc': 0.9413}","{'f1': 0.6029, 'auc': 0.9643}","{'f1': 0.4146, 'auc': 0.9668}",0.8787,0.3876
28,0.42287464605437386,"{'f1': 0.0, 'auc': 0.6409}","{'f1': 0.0, 'auc': 0.9462}","{'f1': 0.555, 'auc': 0.9717}","{'f1': 0.4565, 'auc': 0.9845}",0.8858,0.3851
29,0.41317787876835577,"{'f1': 0.0, 'auc': 0.7738}","{'f1': 0.0001, 'auc': 0.9625}","{'f1': 0.6416, 'auc': 0.9586}","{'f1': 0.5211, 'auc': 0.9823}",0.9193,0.3802
30,0.40994412148440323,"{'f1': 0.0, 'auc': 0.617}","{'f1': 0.1893, 'auc': 0.938}","{'f1': 0.6445, 'auc': 0.9453}","{'f1': 0.5004, 'auc': 0.9581}",0.8646,0.3642
31,0.3934663015383261,"{'f1': 0.0, 'auc': 0.7925}","{'f1': 0.4203, 'auc': 0.9609}","{'f1': 0.6056, 'auc': 0.9601}","{'f1': 0.4025, 'auc': 0.9501}",0.9159,0.3657
32,0.3925768523304551,"{'f1': 0.0, 'auc': 0.6753}","{'f1': 0.4643, 'auc': 0.929}","{'f1': 0.6342, 'auc': 0.9579}","{'f1': 0.5331, 'auc': 0.9383}",0.8751,0.3351
33,0.3756681481997172,"{'f1': 0.0, 'auc': 0.7393}","{'f1': 0.4996, 'auc': 0.9456}","{'f1': 0.5575, 'auc': 0.9724}","{'f1': 0.5654, 'auc': 0.9817}",0.9097,0.3256
34,0.37153766331849275,"{'f1': 0.0, 'auc': 0.6368}","{'f1': 0.514, 'auc': 0.9441}","{'f1': 0.6264, 'auc': 0.9532}","{'f1': 0.5678, 'auc': 0.9463}",0.8701,0.3085
35,0.37134887995543303,"{'f1': 0.0, 'auc': 0.6995}","{'f1': 0.5179, 'auc': 0.9274}","{'f1': 0.6358, 'auc': 0.9544}","{'f1': 0.5841, 'auc': 0.9612}",0.8856,0.3014
36,0.35254236724641586,"{'f1': 0.0, 'auc': 0.6951}","{'f1': 0.5252, 'auc': 0.9273}","{'f1': 0.6307, 'auc': 0.9561}","{'f1': 0.5837, 'auc': 0.9669}",0.8863,0.2948
37,0.3503202795982361,"{'f1': 0.0, 'auc': 0.7409}","{'f1': 0.5198, 'auc': 0.93}","{'f1': 0.6316, 'auc': 0.9609}","{'f1': 0.5772, 'auc': 0.9571}",0.8972,0.2929
38,0.33126393733201204,"{'f1': 0.0, 'auc': 0.6636}","{'f1': 0.528, 'auc': 0.9228}","{'f1': 0.6319, 'auc': 0.9611}","{'f1': 0.5781, 'auc': 0.9513}",0.8747,0.2863
39,0.33314333359400433,"{'f1': 0.0, 'auc': 0.7017}","{'f1': 0.5428, 'auc': 0.9373}","{'f1': 0.6351, 'auc': 0.9565}","{'f1': 0.5906, 'auc': 0.9652}",0.8902,0.2778
40,0.3133165759068948,"{'f1': 0.0, 'auc': 0.6997}","{'f1': 0.5015, 'auc': 0.8961}","{'f1': 0.6546, 'auc': 0.956}","{'f1': 0.5826, 'auc': 0.9534}",0.8763,0.2816
41,0.3281090358893077,"{'f1': 0.0, 'auc': 0.7172}","{'f1': 0.5194, 'auc': 0.9094}","{'f1': 0.6427, 'auc': 0.959}","{'f1': 0.5949, 'auc': 0.9615}",0.8868,0.2792
42,0.3275087497852467,"{'f1': 0.0, 'auc': 0.7409}","{'f1': 0.5335, 'auc': 0.9128}","{'f1': 0.6464, 'auc': 0.9601}","{'f1': 0.5879, 'auc': 0.9527}",0.8916,0.2728
43,0.3165959682729509,"{'f1': 0.0, 'auc': 0.7327}","{'f1': 0.5457, 'auc': 0.921}","{'f1': 0.658, 'auc': 0.959}","{'f1': 0.6061, 'auc': 0.9509}",0.8909,0.2678
44,0.31390320702835367,"{'f1': 0.0, 'auc': 0.742}","{'f1': 0.563, 'auc': 0.9356}","{'f1': 0.6503, 'auc': 0.9618}","{'f1': 0.6137, 'auc': 0.9685}",0.902,0.2635
45,0.28834676852932684,"{'f1': 0.0, 'auc': 0.7387}","{'f1': 0.5709, 'auc': 0.9508}","{'f1': 0.668, 'auc': 0.9563}","{'f1': 0.5981, 'auc': 0.9505}",0.8991,0.2595
46,0.2932135882201018,"{'f1': 0.0, 'auc': 0.7246}","{'f1': 0.5637, 'auc': 0.9464}","{'f1': 0.6712, 'auc': 0.9556}","{'f1': 0.5945, 'auc': 0.946}",0.8931,0.2591
47,0.2914025397212417,"{'f1': 0.0, 'auc': 0.7412}","{'f1': 0.5539, 'auc': 0.9366}","{'f1': 0.6569, 'auc': 0.9629}","{'f1': 0.6078, 'auc': 0.9631}",0.9009,0.2616
48,0.30168904419298526,"{'f1': 0.0, 'auc': 0.7648}","{'f1': 0.5658, 'auc': 0.9505}","{'f1': 0.6513, 'auc': 0.9639}","{'f1': 0.6201, 'auc': 0.9603}",0.9099,0.257
49,0.3142131081333867,"{'f1': 0.0, 'auc': 0.7691}","{'f1': 0.57, 'auc': 0.9456}","{'f1': 0.6627, 'auc': 0.9614}","{'f1': 0.6164, 'auc': 0.9598}",0.909,0.2539
50,0.3078163906379982,"{'f1': 0.0, 'auc': 0.7615}","{'f1': 0.5611, 'auc': 0.937}","{'f1': 0.6565, 'auc': 0.9627}","{'f1': 0.6096, 'auc': 0.9627}",0.906,0.2555
51,0.3063950306839413,"{'f1': 0.0, 'auc': 0.7526}","{'f1': 0.5646, 'auc': 0.9391}","{'f1': 0.6545, 'auc': 0.9644}","{'f1': 0.6123, 'auc': 0.9608}",0.9042,0.255
52,0.29513101776440936,"{'f1': 0.0, 'auc': 0.7471}","{'f1': 0.568, 'auc': 0.9408}","{'f1': 0.6675, 'auc': 0.9581}","{'f1': 0.6119, 'auc': 0.9527}",0.8997,0.2528
53,0.3090037261998212,"{'f1': 0.0, 'auc': 0.7404}","{'f1': 0.5727, 'auc': 0.943}","{'f1': 0.6685, 'auc': 0.9576}","{'f1': 0.6145, 'auc': 0.9549}",0.899,0.2516
54,0.28534772660997176,"{'f1': 0.0, 'auc': 0.7413}","{'f1': 0.5711, 'auc': 0.9403}","{'f1': 0.6728, 'auc': 0.9539}","{'f1': 0.6127, 'auc': 0.9539}",0.8973,0.2515
55,0.28244059063770155,"{'f1': 0.0, 'auc': 0.752}","{'f1': 0.5706, 'auc': 0.9438}","{'f1': 0.6671, 'auc': 0.9591}","{'f1': 0.6143, 'auc': 0.9555}",0.9026,0.2512
56,0.3007669437814642,"{'f1': 0.0, 'auc': 0.759}","{'f1': 0.5714, 'auc': 0.9454}","{'f1': 0.6671, 'auc': 0.9604}","{'f1': 0.6151, 'auc': 0.956}",0.9052,0.2499
57,0.3019467459784614,"{'f1': 0.0, 'auc': 0.7462}","{'f1': 0.5721, 'auc': 0.9375}","{'f1': 0.666, 'auc': 0.9594}","{'f1': 0.615, 'auc': 0.9553}",0.8996,0.2495
58,0.2977947338863655,"{'f1': 0.0, 'auc': 0.7337}","{'f1': 0.5717, 'auc': 0.9408}","{'f1': 0.6663, 'auc': 0.9599}","{'f1': 0.6147, 'auc': 0.957}",0.8979,0.2505
59,0.2918471787814741,"{'f1': 0.0, 'auc': 0.7543}","{'f1': 0.5708, 'auc': 0.9457}","{'f1': 0.67, 'auc': 0.9579}","{'f1': 0.6155, 'auc': 0.9544}",0.9031,0.2508
60,0.3036605947547489,"{'f1': 0.0, 'auc': 0.7517}","{'f1': 0.5717, 'auc': 0.9409}","{'f1': 0.6707, 'auc': 0.9571}","{'f1': 0.6136, 'auc': 0.9577}",0.9019,0.2504
